department,system,maintenance,machine_room,address,cabinet,name,model,producer,type,serial_number,power_supply,versions,manage_ip,,remarks,heap_number,grade,form
大数据部,中心机房,,中心机房-B13,深圳市市民中心,B13-2,HP DL388E GEN8,HP DL388E GEN8,,服务器,CN7304014L,,,,,,,,
大数据部,中心机房,,中心机房-B13,深圳市市民中心,B13-3,锐捷S3760E,锐捷S3760E,,网络,2590DH8180769,,,,,,,,
大数据部,中心机房,,中心机房-B13,深圳市市民中心,B13-4,联想RD540,联想RD540,,服务器,NC01369873,,,,,,,,
大数据部,中心机房,,中心机房-B13,深圳市市民中心,B13-6,IBM X3850,IBM X3850,,服务器,99A6164,,,,,,,,
大数据部,中心机房,,中心机房-B14,深圳市市民中心,B14-1,DELL R820,DELL R820,,服务器,HWH5S12,,,,,,,,
大数据部,中心机房,,中心机房-B14,深圳市市民中心,B14-2,IBM X3650 M4,IBM X3650 M4,,服务器,06YPWG9,,,,,,,,
大数据部,中心机房,,中心机房-B14,深圳市市民中心,B14-3,IBM X3650 M4,IBM X3650 M4,,服务器,06YGME1,,,,,,,,
大数据部,市民中心,,中心机房-B15,深圳市市民中心,B15-1,华为RH5885H V3,华为RH5885H V3,,服务器,2102310SFR10E4000024,,,,,,,,
大数据部,中心机房,,中心机房-B15,深圳市市民中心,B15-2,HP 380 G5,HP 380 G5,,服务器,CNG926S4ZJ,,,,,,,,
大数据部,中心机房,,中心机房-B15,深圳市市民中心,B15-4,H3C S3600交换机,H3C S3600交换机,,网络,210235A10RH094000206,,,,,,,,
大数据部,中心机房,,中心机房-B16,深圳市市民中心,B16-2,华为5300,华为5300,,服务器,2.10232E+19,,,,,,,,
大数据部,中心机房,,中心机房-B16,深圳市市民中心,B16-3,合众AS,合众AS,,服务器,VPR2510N012070010,,,,,,,,
大数据部,市民中心,,,深圳市市民中心,B16-5,合众AS,合众AS,,服务器,PR2510N201030122,,,,,,,,
大数据部,市民中心,,,深圳市市民中心,B16-6,合众AS,合众AS,,服务器,PR2510N2012030125,,,,,,,,
大数据部,中心机房,,中心机房-B17,深圳市市民中心,B17-1,IBM X3650 M4,IBM X3650 M4,,服务器,06NWRD5,,,,,,,,
大数据部,中心机房,,中心机房-B17,深圳市市民中心,B17-2,HP DL360 G7,HP DL360 G7,,服务器,CNG103TTX8,,,,,,,,
大数据部,中心机房,,中心机房-B17,深圳市市民中心,B17-3,IBM X3650 M3,IBM X3650 M3,,服务器,06EBK05,,,,,,,,
大数据部,中心机房,,中心机房-B17,深圳市市民中心,B17-4,华为RH5885 V3,华为RH5885 V3,,服务器,2102311AJA10E7000010,,,,,,,,
大数据部,中心机房,,中心机房-B17,深圳市市民中心,B17-5,HP DL360 G7,HP DL360 G7,,服务器,CNG103TTVX,,,,,,,,
大数据部,中心机房,,中心机房-B17,深圳市市民中心,B17-6,HP DL360 G7,HP DL360 G7,,服务器,CNG103TTX7,,,,,,,,
大数据部,中心机房,,中心机房-B18,深圳市市民中心,B18-1,IBM X3850 X5,IBM X3850 X5,,服务器,06AX301,,,,,,,,
大数据部,中心机房,,中心机房-B18,深圳市市民中心,B18-2,IBM X3850 X5,IBM X3850 X5,,服务器,06AM443,,,,,,,,
大数据部,中心机房,,中心机房-B18,深圳市市民中心,B18-3,华为5352C,华为5352C,,服务器,2.10232E+19,,,,,,,,
大数据部,中心机房,,中心机房-C07,深圳市市民中心,C07-01,H3C S3600,H3C S3600,,网络,,,,,,,,,
大数据部,中心机房,,中心机房-C07,深圳市市民中心,C07-2,华为S5352C,华为S5352C,,服务器,,,,,,,,,
大数据部,中心机房,,中心机房-C07,深圳市市民中心,C07-3,ThinkServer RD640,ThinkServer RD640,,服务器,NC01792224,,,,,,,,
大数据部,中心机房,,中心机房-C07,深圳市市民中心,C07-4,DELL R710,DELL R710,,服务器,5P2NW2X,,,,,,,,
大数据部,中心机房,,中心机房-C07,深圳市市民中心,C07-5,ThinkServer RD640,ThinkServer RD640,,服务器,NC01792233,,,,,,,,
大数据部,中心机房,,中心机房-C07,深圳市市民中心,C07-6,ThinkServer RD640,ThinkServer RD640,,服务器,NC01792228,,,,,,,,
大数据部,中心机房,,中心机房-C07,深圳市市民中心,C07-7,ThinkServer RD640,ThinkServer RD640,,服务器,NC01792220,,,,,,,,
大数据部,中心机房,,中心机房-C07,深圳市市民中心,C07-8,DELL R710,DELL R710,,服务器,2X2NW2X,,,,,,,,
大数据部,中心机房,,中心机房-C08,深圳市市民中心,C08-1,ThinkServer RD640,ThinkServer RD640,,服务器,NC01792234,,,,,,,,
大数据部,中心机房,,中心机房-C08,深圳市市民中心,C08-2,IBM X3550,IBM X3550,,服务器,99B6651,,,,,,,,
大数据部,中心机房,,中心机房-C08,深圳市市民中心,C08-3,ThinkServer RD640,ThinkServer RD640,,服务器,NC01792231,,,,,,,,
大数据部,中心机房,,中心机房-C08,深圳市市民中心,C08-4,HP DL 380G7,HP DL 380G7,,服务器,CNG118T75D,,,,,,,,
大数据部,中心机房,,中心机房-C08,深圳市市民中心,C08-5,HP DL 380G7,HP DL 380G7,,服务器,CNG103TT9B,,,,,,,,
大数据部,中心机房,,中心机房-C08,深圳市市民中心,C08-6,ThinkServer RD640,ThinkServer RD640,,服务器,NC01792218,,,,,,,,
大数据部,中心机房,,中心机房-C08,深圳市市民中心,C08-7,ThinkServer RD640,ThinkServer RD640,,服务器,NC01792223,,,,,,,,
大数据部,中心机房,,中心机房-C08,深圳市市民中心,C08-8,宏杉MS3300,宏杉MS3300,,服务器,1.00102E+19,,,,,,,,
大数据部,中心机房,,中心机房-C09,深圳市市民中心,C09-1,IBM X3650 M3,IBM X3650 M3,,服务器,06GAT27,,,,,,,,
大数据部,中心机房,,中心机房-C09,深圳市市民中心,C09-2,DELL R720,DELL R720,,服务器,HDXN5Z1,,,,,,,,
大数据部,市民中心,,,深圳市市民中心,,,,,服务器,,,,,,,,,
大数据部,中心机房,,中心机房-C09,深圳市市民中心,C09-3,DELL R720,DELL R720,,服务器,BR8P5Z1,,,,,,,,
大数据部,中心机房,,中心机房-C09,深圳市市民中心,C09-4,ThinkServer RD640,ThinkServer RD640,,服务器,NC01584559,,,,,,,,
大数据部,中心机房,,中心机房-C09,深圳市市民中心,C09-5,HP DL 380G5,HP DL 380G5,,服务器,CNG926S507,,,,,,,,
大数据部,中心机房,,中心机房-C09,深圳市市民中心,C09-6,ThinkServer RD640,ThinkServer RD640,,服务器,NC01792219,,,,,,,,
大数据部,中心机房,,中心机房-C09,深圳市市民中心,C09-7,ThinkServer RD640,ThinkServer RD640,,服务器,NC01792225,,,,,,,,
大数据部,中心机房,,中心机房-C10,深圳市市民中心,C10-1,ThinkServer RD640,ThinkServer RD640,,服务器,NC01792221,,,,,,,,
大数据部,中心机房,,中心机房-C10,深圳市市民中心,C10-2,ThinkServer RD640,ThinkServer RD640,,服务器,NC01792229,,,,,,,,
大数据部,中心机房,,中心机房-C10,深圳市市民中心,C10-3,HP DL 380G7,HP DL 380G7,,服务器,CNG103TT9D,,,,,,,,
大数据部,中心机房,,中心机房-C10,深圳市市民中心,C10-4,HP DL 380G7,HP DL 380G7,,服务器,CNG2297TZG,,,,,,,,
大数据部,中心机房,,中心机房-C10,深圳市市民中心,C10-5,HP DL 380G7,HP DL 380G7,,服务器,CNG229TYZB,,,,,,,,
大数据部,中心机房,,中心机房-C10,深圳市市民中心,C10-6,HP DL 380G7,HP DL 380G7,,服务器,CNG229TYZJ,,,,,,,,
大数据部,中心机房,,中心机房-C10,深圳市市民中心,C10-7,ThinkServer RD640,ThinkServer RD640,,服务器,NC01639526,,,,,,,,
大数据部,中心机房,,中心机房-C10,深圳市市民中心,C10-8,HP DL 380G7,HP DL 380G7,,服务器,CNG229TYZZ,,,,,,,,
大数据部,中心机房,,中心机房-C11,深圳市市民中心,C11-1,ThinkServer RD640,ThinkServer RD640,,服务器,NC01792230,,,,,,,,
大数据部,中心机房,,中心机房-C11,深圳市市民中心,C11-2,ThinkServer RD640,ThinkServer RD640,,服务器,NC01792222,,,,,,,,
大数据部,中心机房,,中心机房-C11,深圳市市民中心,C11-3,HP DL 380G7,HP DL 380G7,,服务器,CNG103TTBT,,,,,,,,
大数据部,中心机房,,中心机房-C11,深圳市市民中心,C11-4,HP DL 380G7,HP DL 380G7,,服务器,CNG103TTBH,,,,,,,,
大数据部,中心机房,,中心机房-C11,深圳市市民中心,C11-5,HP DL 380G7,HP DL 380G7,,服务器,CNG103TT9Q,,,,,,,,
大数据部,中心机房,,中心机房-C11,深圳市市民中心,C11-6,HP DL 380G7,HP DL 380G7,,服务器,CNG229TYZV,,,,,,,,
大数据部,中心机房,,中心机房-C11,深圳市市民中心,C11-7,HP DL 380G7,HP DL 380G7,,服务器,CNG103TTCN,,,,,,,,
大数据部,中心机房,,中心机房-C11,深圳市市民中心,C11-8,HP DL 380G7,HP DL 380G7,,服务器,CNG229TYZN,,,,,,,,
大数据部,中心机房,,中心机房-C12,深圳市市民中心,C12-3,DELL R710,DELL R710,,服务器,2BLMW2X,,,,,,,,
大数据部,中心机房,,中心机房-C12,深圳市市民中心,C12-4,HP DL 360 G7,HP DL 360 G7,,服务器,CNG103TTWD,,,,,,,,
大数据部,中心机房,,中心机房-C12,深圳市市民中心,C12-7,HP DL 380G7,HP DL 380G7,,服务器,CNG103TTB5,,,,,,,,
大数据部,中心机房,,中心机房-C12,深圳市市民中心,C12-9,HP DL 380G7,HP DL 380G7,,服务器,CNG103TT9V,,,,,,,,
大数据部,中心机房,,中心机房-D18,深圳市市民中心,D18-1,DELL R710,DELL R710,,服务器,JW2NW2X,,,,,,,,
大数据部,中心机房,,中心机房-D18,深圳市市民中心,D18-2,DELL R710,DELL R710,,服务器,CX2NW2X,,,,,,,,
大数据部,中心机房,,中心机房-D18,深圳市市民中心,D18-3,DELL R710,DELL R710,,服务器,3P2NW2X,,,,,,,,
大数据部,中心机房,,中心机房-D18,深圳市市民中心,D18-4,ThinkServer RD640,ThinkServer RD640,,服务器,NC01633421,,,,,,,,
大数据部,中心机房,,中心机房-D18,深圳市市民中心,D18-5,HP ML370 G5,HP ML370 G5,,服务器,CNG79280RM,,,,,,,,
大数据部,中心机房,,中心机房-D18,深圳市市民中心,D18-6,ThinkServer RD640,ThinkServer RD640,,服务器,NC01639492,,,,,,,,
大数据部,中心机房,,中心机房-D18,深圳市市民中心,D18-7,ThinkServer RD640,ThinkServer RD640,,服务器,NC01510445,,,,,,,,
大数据部,中心机房,,中心机房-I19,深圳市市民中心,I19-1,天融信NGFW4000-UF,天融信NGFW4000-UF,,网络,A0911115397,,,,,,,,
大数据部,中心机房,,中心机房-I19,深圳市市民中心,I19-2,天融信NGFW4000-UF,天融信NGFW4000-UF,,网络,K1006015546,,,,,,,,
大数据部,中心机房,,中心机房-I19,深圳市市民中心,I19-3,天融信NGFW4000-UF,天融信NGFW4000-UF,,网络,K1006015558,,,,,,,,
大数据部,中心机房,,中心机房-I19,深圳市市民中心,I19-4,MK2002-1U,MK2002-1U,,网络,,,,,,,,,
大数据部,中心机房,,中心机房-I19,深圳市市民中心,I19-5,锐捷S3760,锐捷S3760,,网络,2905DH5A20093,,,,,,,,
大数据部,中心机房,,中心机房-I19,深圳市市民中心,I19-6,锐捷S3760,锐捷S3760,,网络,2905DH5A20033,,,,,,,,
大数据部,中心机房,,中心机房-I19,深圳市市民中心,I19-7,锐捷S3760,锐捷S3760,,网络,2905DH5A20019,,,,,,,,
大数据部,中心机房,,中心机房-I19,深圳市市民中心,I19-8,锐捷S3760,锐捷S3760,,网络,2905DH5A20097,,,,,,,,
大数据部,中心机房,,中心机房-I19,深圳市市民中心,I19-9,锐捷S3760,锐捷S3760,,网络,2905DH5250020,,,,,,,,
大数据部,中心机房,,中心机房-I19,深圳市市民中心,I19-10,华为S5300,华为S5300,,服务器,2.10235E+19,,,,,,,,
大数据部,中心机房,,中心机房-I20,深圳市市民中心,I20-1,华为RH2288 V2,华为RH2288 V2,,服务器,2102310QPB10G3000557,,,,,,,,
大数据部,中心机房,,中心机房-I20,深圳市市民中心,I20-2,华为RH2288 V2,华为RH2288 V2,,服务器,2102310QPB10G3000556,,,,,,,,
大数据部,中心机房,,中心机房-I20,深圳市市民中心,I20-3,HP DL360 G6,HP DL360 G6,,服务器,CNG028SWBB,,,,,,,,
大数据部,中心机房,,中心机房-I20,深圳市市民中心,I20-4,HP DL380 G7,HP DL380 G7,,服务器,CNG229TYZS,,,,,,,,
大数据部,中心机房,,中心机房-I20,深圳市市民中心,I20-5,HP DL580G7,HP DL580G7,,服务器,6CU4192TLS,,,,,,,,
大数据部,中心机房,,中心机房-I20,深圳市市民中心,I20-6,DELL R720,DELL R720,,服务器,1C9N5Z1,,,,,,,,
大数据部,中心机房,,中心机房-I20,深圳市市民中心,I20-7,HP DL360 G7,HP DL360 G7,,服务器,CNG103TTXN,,,,,,,,
大数据部,中心机房,,中心机房-I23,深圳市市民中心,I23-1,HP DL 360 G6,HP DL 360 G6,,服务器,CNG028SWC7,,,,,,,,
大数据部,中心机房,,中心机房-I23,深圳市市民中心,I23-2,HP DL580G7,HP DL580G7,,服务器,6CU4192TLJ,,,,,,,,
大数据部,中心机房,,中心机房-I23,深圳市市民中心,I23-3,HP DL580G7,HP DL580G7,,服务器,CNG103TVP3,,,,,,,,
大数据部,中心机房,,中心机房-I23,深圳市市民中心,I23-4,HP 580 G7,HP 580 G7,,服务器,CN744308RL,,,,,,,,
大数据部,中心机房,,中心机房-I23,深圳市市民中心,I23-5,HP StorageWorks 8/24 SAN,HP StorageWorks 8/24 SAN,,服务器,CZC341UGYT,,,,,,,,
大数据部,中心机房,,中心机房-I23,深圳市市民中心,I23-6,HP MSA2040磁盘阵列,HP MSA2040磁盘阵列,,服务器,"CN8429AQ58、CN8438B557、
CN8438B559、CN8438B555",,,,,,,,
大数据部,中心机房,,中心机房-I24,深圳市市民中心,I24-1,HP DL380G7,HP DL380G7,,服务器, CNG229TYZL,,,,,,,,
大数据部,中心机房,,中心机房-I24,深圳市市民中心,I24-2,IBM X3650,IBM X3650,,服务器,06GWMR4,,,,,,,,
大数据部,中心机房,,中心机房-I24,深圳市市民中心,I24-3,HP DL580G7,HP DL580G7,,服务器,CN74430CYS,,,,,,,,
大数据部,中心机房,,中心机房-I24,深圳市市民中心,I24-4,HP DL580G7,HP DL580G7,,服务器,CNG103TVMZ,,,,,,,,
大数据部,中心机房,,中心机房-I24,深圳市市民中心,I24-5,HP StorageWorks 8/24 SAN,HP StorageWorks 8/24 SAN,,服务器,CZC341UH1U,,,,,,,,
大数据部,中心机房,,中心机房-I24,深圳市市民中心,I24-6,HP DL580G7,HP DL580G7,,服务器,6CU4192TLN,,,,,,,,
大数据部,中心机房,,中心机房-I25,深圳市市民中心,I25-1,华为S5352-E1,华为S5352-E1,,服务器,2.10235E+19,,,,,,,,
大数据部,中心机房,,中心机房-I25,深圳市市民中心,I25-2,Easyway3816,Easyway3816,,网络,181,,,,,,,,
大数据部,中心机房,,中心机房-I25,深圳市市民中心,I25-3,DELL N3024,DELL N3024,,服务器,HN9J0Z1,,,,,,,,
大数据部,中心机房,,中心机房-I25,深圳市市民中心,I25-4,锐捷S3760,锐捷S3760,,网络,2905DH5250033,,,,,,,,
大数据部,中心机房,,中心机房-I25,深圳市市民中心,I25-5,锐捷S3760,锐捷S3760,,网络,2095DH5A20063,,,,,,,,
大数据部,中心机房,,中心机房-I25,深圳市市民中心,I25-6,锐捷S3760,锐捷S3760,,网络,2905DH5A20092,,,,,,,,
大数据部,中心机房,,中心机房-I25,深圳市市民中心,I25-7,锐捷S3760,锐捷S3760,,网络,2905DH5250042,,,,,,,,
大数据部,中心机房,,中心机房-I25,深圳市市民中心,I25-8,IDS-C2-LQXWS-01,IDS-C2-LQXWS-01,,服务器,1.0051E+13,,,,,,,,
大数据部,中心机房,,中心机房-I25,深圳市市民中心,I25-9,NGFW4000-UF,NGFW4000-UF,,网络,A0911115398,,,,,,,,
大数据部,中心机房,,中心机房-I25,深圳市市民中心,I25-10,NGFW4000-UF,NGFW4000-UF,,网络,K1006015557,,,,,,,,
大数据部,中心机房,,中心机房-I26,深圳市市民中心,I26-1,锐捷S3760,锐捷S3760,,网络,2905DH5A20069,,,,,,,,
大数据部,中心机房,,中心机房-I26,深圳市市民中心,I26-2,锐捷S3760,锐捷S3760,,网络,2905DH5A20067,,,,,,,,
大数据部,中心机房,,中心机房-I26,深圳市市民中心,I26-3,SG450,SG450,,服务器,E6DRNB17000115,,,,,,,,
大数据部,中心机房,,中心机房-I26,深圳市市民中心,I26-4,SG450,SG450,,服务器,E6DGOB04005568,,,,,,,,
大数据部,中心机房,,中心机房-I26,深圳市市民中心,I26-5,联想R640,联想R640,,服务器,NC01792232,,,,,,,,
大数据部,中心机房,,中心机房-I27,深圳市市民中心,I27-1,锐捷S3760,锐捷S3760,,网络,2905DH5A20054,,,,,,,,
大数据部,中心机房,,中心机房-I27,深圳市市民中心,I27-2,锐捷S3760,锐捷S3760,,网络,2905DH5A20064,,,,,,,,
大数据部,中心机房,,中心机房-I27,深圳市市民中心,I27-3,AS-350,AS-350,,服务器,6.1003E+15,,,,,,,,
大数据部,中心机房,,中心机房-I27,深圳市市民中心,I27-4,AS-350,AS-350,,服务器,6.1003E+15,,,,,,,,
大数据部,中心机房,,中心机房-I27,深圳市市民中心,I27-5,HP DL360 G7,HP DL360 G7,,服务器,CNG103TTX4,,,,,,,,
大数据部,中心机房,,中心机房-I27,深圳市市民中心,I27-6,HP DL380p Gen8,HP DL380p Gen8,,服务器,6CU4380YXD,,,,,,,,
大数据部,中心机房,,中心机房-I27,深圳市市民中心,I27-7,HP DL360 G7,HP DL360 G7,,服务器,CNG103TTTP,,,,,,,,
大数据部,中心机房,,中心机房-I28,深圳市市民中心,I28-1,HW2288 V3,HW2288 V3,,服务器,2102310YJA10GB002433,,,,,,,,
大数据部,中心机房,,中心机房-I29,深圳市市民中心,I29-1,HP DL 360 G6,HP DL 360 G6,,服务器,CHG028SWBZ,,,,,,,,
大数据部,中心机房,,中心机房-I29,深圳市市民中心,I29-2,浪潮,浪潮,,服务器,215165191,,,,,,,,
大数据部,中心机房,,中心机房-I29,深圳市市民中心,I29-3,浪潮,浪潮,,服务器,215165188,,,,,,,,
大数据部,中心机房,,中心机房-I29,深圳市市民中心,I29-4,浪潮,浪潮,,服务器,215165192,,,,,,,,
大数据部,中心机房,,中心机房-I30,深圳市市民中心,I30-1,HP DL360 G7,HP DL360 G7,,服务器,CNG103TTXK,,,,,,,,
大数据部,中心机房,,中心机房-J01,深圳市市民中心,J01-1,华为S5352-E1,华为S5352-E1,,服务器,2.10235E+19,,,,,,,,
大数据部,中心机房,,中心机房-J01,深圳市市民中心,J01-2,锐捷RC-S3760E,锐捷RC-S3760E,,网络,2905DH5250035,,,,,,,,
大数据部,中心机房,,中心机房-J01,深圳市市民中心,J01-3,锐捷RC-S3760E,锐捷RC-S3760E,,网络,2905DH5A20083,,,,,,,,
大数据部,中心机房,,中心机房-J01,深圳市市民中心,J01-4,锐捷RC-S3760E,锐捷RC-S3760E,,网络,2590DHA450181,,,,,,,,
大数据部,中心机房,,中心机房-J01,深圳市市民中心,J01-5,锐捷RC-S3760E,锐捷RC-S3760E,,网络,2590DH8180770,,,,,,,,
大数据部,中心机房,,中心机房-J01,深圳市市民中心,J01-6,锐捷RC-S3760E,锐捷RC-S3760E,,网络,2590DH8180998,,,,,,,,
大数据部,中心机房,,中心机房-J01,深圳市市民中心,J01-7,锐捷RC-S3760E,锐捷RC-S3760E,,网络,2590DH8181138,,,,,,,,
大数据部,中心机房,,中心机房-J01,深圳市市民中心,J01-8,天融信NGFW4000-UF,天融信NGFW4000-UF,,网络,K1006015550,,,,,,,,
大数据部,中心机房,,中心机房-J01,深圳市市民中心,J01-9,天融信NGFW4000-UF,天融信NGFW4000-UF,,网络,K1006015952,,,,,,,,
大数据部,中心机房,,中心机房-J03,深圳市市民中心,J03-1,DELL R820,DELL R820,,服务器,3VH4S12,,,,,,,,
大数据部,中心机房,,中心机房-J05,深圳市市民中心,J05-1,DELL R820,DELL R820,,服务器,9184456550 快速服务代码,,,,,,,,
大数据部,中心机房,,中心机房-J05,深圳市市民中心,J05-2,DELL R820,DELL R820,,服务器,1252022058 快速服务代码,,,,,,,,
大数据部,红塔6F,,红塔6FA01-1,深圳市市民中心,A01-1,,,,服务器,,,,,,,,,
大数据部,红塔6F,,红塔6FA01-2,深圳市市民中心,A01-2,NETAPP,NETAPP,,服务器,800000012427/800000012439,,,,,,,,
大数据部,红塔6F,,红塔6FA02-1,深圳市市民中心,A02-1,System P5,System P5,,服务器,10-954E2,,,,,,,,
大数据部,红塔6F,,红塔6FA02-2,深圳市市民中心,A02-2,System P5,System P5,,服务器,10-96342,,,,,,,,
大数据部,红塔6F,,红塔6FA02-3,深圳市市民中心,A02-3,IBM206M,IBM206M,,服务器,,,,,,,,,
大数据部,红塔6F,,红塔6FA05-1,深圳市市民中心,A05-1,天融信NGFW4000UF,天融信NGFW4000UF,,网络,,,,,,,,,
大数据部,红塔6F,,红塔6FA05-2,深圳市市民中心,A05-2,H3C LS-3600,H3C LS-3600,,网络,210255A10RH094000523,,,,,,,,
大数据部,红塔6F,,红塔6FA05-3,深圳市市民中心,A05-3,H3C S5600,H3C S5600,,网络,210235A11AA07300179,,,,,,,,
大数据部,红塔6F,,红塔6FA06-1,深圳市市民中心,A06-1,HP DL 380P GEN8,HP DL 380P GEN8,,服务器,6CU401A2KS,,,,,,,,
大数据部,红塔6F,,红塔6FA06-2,深圳市市民中心,A06-2,HP DL 380P GEN8,HP DL 380P GEN8,,服务器,6CU401A2KX,,,,,,,,
大数据部,红塔6F,,红塔6FA06-3,深圳市市民中心,A06-3,HP DL 380P GEN8,HP DL 380P GEN8,,服务器,6CU401A2KQ,,,,,,,,
大数据部,红塔6F,,红塔6FA06-4,深圳市市民中心,A06-4,HP DL 380P GEN8,HP DL 380P GEN8,,服务器,6CU401A2KV,,,,,,,,
大数据部,红塔6F,,红塔6FA06-5,深圳市市民中心,A06-5,HP DL 380P GEN8,HP DL 380P GEN8,,服务器,6CU401A2KN,,,,,,,,
大数据部,红塔6F,,红塔6FA07-1,深圳市市民中心,A07-1,IBM X3650,IBM X3650,,服务器,99DT391,,,,,,,,
大数据部,红塔6F,,红塔6FA07-2,深圳市市民中心,A07-2,HP DL 380 G5,HP DL 380 G5,,服务器,CNG926S503,,,,,,,,
大数据部,红塔6F,,红塔6FA07-3,深圳市市民中心,A07-3,HP DL 380 G5,HP DL 380 G5,,服务器,CNG926S504,,,,,,,,
大数据部,红塔6F,,红塔6FA07-4,深圳市市民中心,A07-4,DELL R720,DELL R720,,服务器,7KXM5Z1,,,,,,,,
大数据部,红塔6F,,红塔6FA07-5,深圳市市民中心,A07-5,华为 RH5885 V3,华为 RH5885 V3,,服务器,2102311GEV10G1000150,,,,,,,,
大数据部,红塔6F,,红塔6FA07-6,深圳市市民中心,A07-6,华为 RH5885 V3,华为 RH5885 V3,,服务器,2102311GEV10G1000151,,,,,,,,
大数据部,红塔6F,,红塔6FA07-7,深圳市市民中心,A07-7,华为 RH5885 V3,华为 RH5885 V3,,服务器,2102311GEV10G1000158,,,,,,,,
大数据部,红塔6F,,红塔6FA08-1,深圳市市民中心,A08-1,华为SNS2124(已激活24口),华为SNS2124(已激活24口),,服务器,ALJ2546L0VJ,,,,,,,,
大数据部,红塔6F,,红塔6FA08-2,深圳市市民中心,A08-2,华为SNS2124(已激活24口),华为SNS2124(已激活24口),,服务器,ALJ2546L0L0,,,,,,,,
大数据部,红塔6F,,红塔6FA08-3,深圳市市民中心,A08-3,H3C LS-3600,H3C LS-3600,,网络,210235A10RH094000499,,,,,,,,
大数据部,红塔6F,,红塔6FA08-4,深圳市市民中心,A08-4,H3C LS-3600,H3C LS-3600,,网络,210235A10RH094000244,,,,,,,,
大数据部,红塔6F,,红塔6FA08-5,深圳市市民中心,A08-5,华为 RH5885 V3,华为 RH5885 V3,,服务器,2102311GEV10G1000148,,,,,,,,
大数据部,红塔6F,,红塔6FA08-6,深圳市市民中心,A08-6,华为 RH5885 V3,华为 RH5885 V3,,服务器,2102311GEV10G1000149,,,,,,,,
大数据部,红塔6F,,红塔6FA08-7,深圳市市民中心,A08-7,宏杉MS5520,宏杉MS5520,,服务器,1001020037115c000013,,,,,,,,
大数据部,红塔6F,,红塔6FA09-1,深圳市市民中心,A09-1,HP DL 380 G5,HP DL 380 G5,,服务器,CNG926S501,,,,,,,,
大数据部,红塔6F,,红塔6FA09-2,深圳市市民中心,A09-2,IBM X3850,IBM X3850,,服务器,99A0721,,,,,,,,
大数据部,红塔6F,,红塔6FA09-3,深圳市市民中心,A09-3,IBM X3850,IBM X3850,,服务器,99A2093,,,,,,,,
大数据部,红塔6F,,红塔6FA09-4,深圳市市民中心,A09-4,IBM X3850,IBM X3850,,服务器,99A0356,,,,,,,,
大数据部,红塔6F,,红塔6FA09-5,深圳市市民中心,A09-5,IBM X3850,IBM X3850,,服务器,99A0705,,,,,,,,
大数据部,红塔6F,,红塔6FA10-1,深圳市市民中心,A10-1,华为 RH5885 V3,华为 RH5885 V3,,服务器,2102311GEV10G1000155,,,,,,,,
大数据部,红塔6F,,红塔6FA10-2,深圳市市民中心,A10-2,华为 RH5885 V3,华为 RH5885 V3,,服务器,2102311GEV10G1000153,,,,,,,,
大数据部,红塔6F,,红塔6FA10-3,深圳市市民中心,A10-3,华为 RH5885 V3,华为 RH5885 V3,,服务器,2102311GEV10G1000147,,,,,,,,
大数据部,红塔6F,,红塔6FA10-4,深圳市市民中心,A10-4,华为 RH5885 V3,华为 RH5885 V3,,服务器,2102311GEV10G1000156,,,,,,,,
大数据部,红塔6F,,红塔6FA10-5,深圳市市民中心,A10-5,华为 RH5885 V3,华为 RH5885 V3,,服务器,2102311GEV10G1000157,,,,,,,,
大数据部,红塔6F,,红塔6FA11-1,深圳市市民中心,A11-1,HP ML370 G5,HP ML370 G5,,服务器,CN7928002RL,,,,,,,,
大数据部,红塔6F,,红塔6FA11-2,深圳市市民中心,A11-2,ThinkServer RD640,ThinkServer RD640,,服务器,NC01792226,,,,,,,,
大数据部,红塔6F,,红塔6FA11-3,深圳市市民中心,A11-3,ThinkServer RD640,ThinkServer RD640,,服务器,NC01792235,,,,,,,,
大数据部,红塔6F,,红塔6FA11-4,深圳市市民中心,A11-4,ThinkServer RD640,ThinkServer RD640,,服务器,NC01792236,,,,,,,,
大数据部,红塔6F,,红塔6FA12-1,深圳市市民中心,A12-1,BIG-IP-3600 F5,BIG-IP-3600 F5,,服务器,,,,,,,,,
大数据部,红塔6F,,红塔6FA12-2,深圳市市民中心,A12-2,HP DL580 G5,HP DL580 G5,,服务器,CNG902S7QW,,,,,,,,
大数据部,红塔6F,,红塔6FA12-3,深圳市市民中心,A12-3,HP DL580 G5,HP DL580 G5,,服务器,CNG906S34B,,,,,,,,
大数据部,红塔6F,,红塔6FA12-4,深圳市市民中心,A12-4,HP DL580 G5,HP DL580 G5,,服务器,CNG906S347,,,,,,,,
大数据部,红塔6F,,红塔6FA12-5,深圳市市民中心,A12-5,HP DL580 G5,HP DL580 G5,,服务器,CNG906S348,,,,,,,,
大数据部,红塔6F,,红塔6FA15-2,深圳市市民中心,A15-2,迈科龙 M2-S5200,迈科龙 M2-S5200,,网络,,,,,,,,,
大数据部,红塔6F,,红塔6FA16-1,深圳市市民中心,A16-1,HP DL 380 G5,HP DL 380 G5,,服务器,CNG926S500,,,,,,,,
大数据部,红塔6F,,红塔6FA16-2,深圳市市民中心,A16-2,HP DL380 G5,HP DL380 G5,,服务器,CNG926S50K,,,,,,,,
大数据部,红塔6F,,红塔6FA16-3,深圳市市民中心,A16-3,HP DL380 G5,HP DL380 G5,,服务器,CNG926S50J,,,,,,,,
大数据部,红塔6F,,红塔6FA16-4,深圳市市民中心,A16-4,HP DL380 G5,HP DL380 G5,,服务器,CNG926S4ZZ,,,,,,,,
大数据部,红塔6F,,红塔6FA16-5,深圳市市民中心,A16-5,HP DL380 G5,HP DL380 G5,,服务器,CNG926S4ZN,,,,,,,,
大数据部,红塔6F,,红塔6FA17-1,深圳市市民中心,A17-1,ThinkServer RD640,ThinkServer RD640,,服务器,NC01792237,,,,,,,,
大数据部,红塔6F,,红塔6FA17-2,深圳市市民中心,A17-2,ThinkServer RD640,ThinkServer RD640,,服务器,NC01792227,,,,,,,,
大数据部,红塔6F,,红塔6FA17-3,深圳市市民中心,A17-3,HP DL380 G7,HP DL380 G7,,服务器,CNG138TPNK,,,,,,,,
大数据部,红塔6F,,红塔6FA17-4,深圳市市民中心,A17-4,HP DL380 G7,HP DL380 G7,,服务器,CNG138TPNF,,,,,,,,
大数据部,红塔6F,,红塔6FA17-5,深圳市市民中心,A17-5,HP DL380 G5,HP DL380 G5,,服务器,CNG926S4ZL,,,,,,,,
大数据部,红塔6F,,红塔6FA17-6,深圳市市民中心,A17-6,HP DL380 G5,HP DL380 G5,,服务器,CNG926S4ZK,,,,,,,,
大数据部,红塔6F,,红塔6FA18-1,深圳市市民中心,A18-1,HP DL380 G5,HP DL380 G5,,服务器,CNG926S50D,,,,,,,,
大数据部,红塔6F,,红塔6FA18-2,深圳市市民中心,A18-2,HP DL380 G5,HP DL380 G5,,服务器,CNG926S50C,,,,,,,,
大数据部,红塔6F,,红塔6FA18-3,深圳市市民中心,A18-3,HP DL380 G5,HP DL380 G5,,服务器,CNG926S50M,,,,,,,,
大数据部,红塔6F,,红塔6FA19-1,深圳市市民中心,A19-1,HP DL380 G7,HP DL380 G7,,服务器,CNG138TPN3,,,,,,,,
大数据部,红塔6F,,红塔6FA19-2,深圳市市民中心,A19-2,HP DL380 G7,HP DL380 G7,,服务器,CNG138TPN1,,,,,,,,
大数据部,红塔6F,,红塔6FA19-3,深圳市市民中心,A19-3,DELL R720,DELL R720,,服务器,77TG002,,,,,,,,
大数据部,红塔6F,,红塔6FA19-4,深圳市市民中心,A19-4,HP DL380 G7,HP DL380 G7,,服务器,CNG138TPNM,,,,,,,,
大数据部,红塔6F,,红塔6FA19-5,深圳市市民中心,A19-5,HP DL380 G7,HP DL380 G7,,服务器,CNG138TPNC,,,,,,,,
大数据部,红塔6F,,红塔6FA20-1,深圳市市民中心,A20-1,H3C S3600,H3C S3600,,网络,210235A10RH094000301,,,,,,,,
大数据部,红塔6F,,红塔6FA20-2,深圳市市民中心,A20-4,HP DL380 G5,HP DL380 G5,,服务器,CNG926S50H,,,,,,,,
大数据部,红塔6F,,红塔6FA20-3,深圳市市民中心,A20-5,H3C S3600,H3C S3600,,网络,210235A10RH095000537,,,,,,,,
大数据部,红塔6F,,红塔6FA20-4,深圳市市民中心,A20-6,HP 380P GEN8,HP 380P GEN8,,服务器,6CU4120X7T,,,,,,,,
大数据部,红塔6F,,红塔6FA20-5,深圳市市民中心,A20-7,HP 380P GEN8,HP 380P GEN8,,服务器,6CU4120X84,,,,,,,,
大数据部,红塔6F,,红塔6FA20-6,深圳市市民中心,A20-8,HP DL380 G5,HP DL380 G5,,服务器,CNG926S4ZV,,,,,,,,
大数据部,灾备中心6F,,6FK1,深圳市信息网络中心,6FK1,S5700-52P-LI-AC,S5700-52P-LI-AC,,服务器,21023531748YG9004963,,,,,,,,
大数据部,灾备中心6F,,6FK1,深圳市信息网络中心,6FK1,S5700-52P-LI-AC,S5700-52P-LI-AC,,服务器,21023531748YG9004962,,,,,,,,
大数据部,灾备中心6F,,6FK3,深圳市信息网络中心,6FK3,RH5885 V3,RH5885 V3,,服务器,2102311GEV10G1000152,,,,,,,,
大数据部,灾备中心6F,,6FK3,深圳市信息网络中心,6FK3,RH5885 V3,RH5885 V3,,服务器,2102311GEV10G1000154,,,,,,,,
大数据部,灾备中心6F,,6FK3,深圳市信息网络中心,6FK3,DSU1616,DSU1616,,服务器,1001020036315B000130,,,,,,,,
大数据部,灾备中心6F,,6FK3,深圳市信息网络中心,6FK3,MS3000,MS3000,,服务器,1001020013315C000017,,,,,,,,
大数据部,灾备中心6F,,6FM4,深圳市信息网络中心,6FM4,RH5885H V3,RH5885H V3,,服务器,2102311GYE10GB000465,,,,,,,,
大数据部,灾备中心6F,,6FM4,深圳市信息网络中心,6FM4,RH5885H V3,RH5885H V3,,服务器,2102311GYE10GB000477,,,,,,,,
大数据部,灾备中心6F,,6FM4,深圳市信息网络中心,6FM4,RH5885H V3,RH5885H V3,,服务器,2102311GYE10GB000467,,,,,,,,
大数据部,灾备中心6F,,6FM4,深圳市信息网络中心,6FM4,RH5885H V3,RH5885H V3,,服务器,2102311GYE10GB000475,,,,,,,,
大数据部,灾备中心6F,,6FM4,深圳市信息网络中心,6FM4,RH5885H V3,RH5885H V3,,服务器,2102311GYE10GB000466,,,,,,,,
大数据部,灾备中心6F,,6FM3,深圳市信息网络中心,6FM3,S5700-52P-LI-AC,S5700-52P-LI-AC,,服务器,21023531748YG9004969,,,,,,,,
大数据部,灾备中心6F,,6FM3,深圳市信息网络中心,6FM3,S5700-52P-LI-AC,S5700-52P-LI-AC,,服务器,21023531748YG9004959,,,,,,,,
大数据部,灾备中心6F,,6FM3,深圳市信息网络中心,6FM3,RH2288H V3,RH2288H V3,,服务器,2102310YJA10GB002437,,,,,,,,
大数据部,灾备中心6F,,6FM3,深圳市信息网络中心,6FM3,RH2288H V3,RH2288H V3,,服务器,2102350KGQ10GB000004,,,,,,,,
大数据部,灾备中心6F,,6FM3,深圳市信息网络中心,6FM3,RH5885H V3,RH5885H V3,,服务器,2102311GYE10GB000476,,,,,,,,
大数据部,灾备中心6F,,6FM3,深圳市信息网络中心,6FM3,RH5885H V3,RH5885H V3,,服务器,2102311GYE10GB000468,,,,,,,,
大数据部,灾备中心6F,,6FM3,深圳市信息网络中心,6FM3,RH5885H V3,RH5885H V3,,服务器,2102311GYE10GB000469,,,,,,,,
大数据部,灾备中心6F,,6FM3,深圳市信息网络中心,6FM3,RH5885H V3,RH5885H V3,,服务器,2102311GYE10GB000464,,,,,,,,
大数据部,灾备中心6F,,6FM3,深圳市信息网络中心,6FM3,RH5885H V3,RH5885H V3,,服务器,2102311GYE10GB000470,,,,,,,,
大数据部,灾备中心6F,,6FM2,深圳市信息网络中心,6FM2,RH2288H V2,RH2288H V2,,服务器,2102310QPB10G3000563,,,,,,,,
大数据部,灾备中心6F,,6FM2,深圳市信息网络中心,6FM2,HP ProLiant DL580 G7,HP ProLiant DL580 G7,,服务器,285394-005,,,,,,,,
大数据部,灾备中心6F,,6FM2,深圳市信息网络中心,6FM2,RH2288H V3,RH2288H V3,,服务器,2102310YJW10GB001071,,,,,,,,
大数据部,灾备中心6F,,6FM2,深圳市信息网络中心,6FM2,RH2288H V3,RH2288H V3,,服务器,2102310YJW10GB001070,,,,,,,,
大数据部,灾备中心6F,,6FM2,深圳市信息网络中心,6FM2,RH2288H V3,RH2288H V3,,服务器,2102310YJW10GB001065,,,,,,,,
大数据部,灾备中心6F,,6FM2,深圳市信息网络中心,6FM2,RH2288H V3,RH2288H V3,,服务器,2102310YJW10GB001064,,,,,,,,
大数据部,灾备中心6F,,6FM2,深圳市信息网络中心,6FM2,RH2288H V3,RH2288H V3,,服务器,2102310YJW10GB001058,,,,,,,,
大数据部,灾备中心6F,,6FM2,深圳市信息网络中心,6FM2,RH2288H V3,RH2288H V3,,服务器,2102310YJW10GB001067,,,,,,,,
大数据部,灾备中心6F,,6FM2,深圳市信息网络中心,6FM2,RH2288H V3,RH2288H V3,,服务器,2102310YJW10GB001066,,,,,,,,
大数据部,灾备中心6F,,6FM2,深圳市信息网络中心,6FM2,RH2288H V3,RH2288H V3,,服务器,2102310YJW10GB001063,,,,,,,,
大数据部,灾备中心6F,,6FM2,深圳市信息网络中心,6FM2,RH2288H V3,RH2288H V3,,服务器,2102310YJW10GB001061,,,,,,,,
大数据部,灾备中心6F,,6FM2,深圳市信息网络中心,6FM2,RH2288H V3,RH2288H V3,,服务器,2102310YJW10GB001077,,,,,,,,
大数据部,灾备中心6F,,6FM5,深圳市信息网络中心,6FM5,S5720-56PC-EI,S5720-56PC-EI,,服务器,2102310JFA6TGA909625,,,,,,,,
大数据部,灾备中心6F,,6FM5,深圳市信息网络中心,6FM5,S5720-56PC-EI,S5720-56PC-EI,,服务器,2102310JFA6TGA909572,,,,,,,,
大数据部,灾备中心6F,,6FM5,深圳市信息网络中心,6FM5,RH2288H V3,RH2288H V3,,服务器,2102310YJW10GB001072,,,,,,,,
大数据部,灾备中心6F,,6FM5,深圳市信息网络中心,6FM5,RH2288H V3,RH2288H V3,,服务器,2102310YJW10GB001075,,,,,,,,
大数据部,灾备中心6F,,6FM5,深圳市信息网络中心,6FM5,RH2288H V3,RH2288H V3,,服务器,2102310YJW10GB001073,,,,,,,,
大数据部,灾备中心6F,,6FM5,深圳市信息网络中心,6FM5,RH2288H V3,RH2288H V3,,服务器,2102310YJW10GB001074,,,,,,,,
大数据部,灾备中心6F,,6FM5,深圳市信息网络中心,6FM5,RH2288H V3,RH2288H V3,,服务器,2102310YJW10GB001076,,,,,,,,
大数据部,灾备中心6F,,6FM5,深圳市信息网络中心,6FM5,RH2288H V3,RH2288H V3,,服务器,2102310YJW10GB001059,,,,,,,,
大数据部,灾备中心6F,,6FM5,深圳市信息网络中心,6FM5,RH2288H V3,RH2288H V3,,服务器,2102310YJW10GB001060,,,,,,,,
大数据部,灾备中心6F,,6FM5,深圳市信息网络中心,6FM5,RH2288H V3,RH2288H V3,,服务器,2102310YJW10GB001068,,,,,,,,
大数据部,灾备中心6F,,6FM5,深圳市信息网络中心,6FM5,RH2288H V3,RH2288H V3,,服务器,2102310YJW10GB001069,,,,,,,,
大数据部,灾备中心6F,,6FM5,深圳市信息网络中心,6FM5,RH2288H V3,RH2288H V3,,服务器,2102310YJW10GB001062,,,,,,,,
大数据部,灾备中心6F,,6FL4,深圳市信息网络中心,6FL4,RH2288H V3,RH2288H V3,,服务器,2102310YJA10GB002444,,,,,,,,
大数据部,灾备中心6F,,6FL4,深圳市信息网络中心,6FL4,RH2288H V3,RH2288H V3,,服务器,2102310YJA10GB002446,,,,,,,,
大数据部,灾备中心6F,,6FL4,深圳市信息网络中心,6FL4,RH2288H V3,RH2288H V3,,服务器,2102310YJA10GB002445,,,,,,,,
大数据部,灾备中心6F,,6FL4,深圳市信息网络中心,6FL4,RH2288H V3,RH2288H V3,,服务器,2102310YJA10GB002443,,,,,,,,
大数据部,灾备中心6F,,6FL3,深圳市信息网络中心,6FL3,DAS-USM500,DAS-USM500,,服务器,05G122R60S,,,,,,,,
大数据部,灾备中心6F,,6FL3,深圳市信息网络中心,6FL3,M2-S5100,M2-S5100,,网络,XP1000200170002,,,,,,,,
大数据部,灾备中心6F,,6FL3,深圳市信息网络中心,6FL3,M2-S5100,M2-S5100,,网络,XP1000200170003,,,,,,,,
大数据部,灾备中心6F,,6FL3,深圳市信息网络中心,6FL3,DAS-LOG-500,DAS-LOG-500,,服务器,1609X07013,,,,,,,,
大数据部,灾备中心6F,,6FL3,深圳市信息网络中心,6FL3,DAS-LOG-500,DAS-LOG-500,,服务器,1609X07012,,,,,,,,
大数据部,灾备中心6F,,6FL3,深圳市信息网络中心,6FL3,Quidway S7706,Quidway S7706,,网络,21021133056TGB900034,,,,,,,,
大数据部,灾备中心6F,,6FL3,深圳市信息网络中心,6FL3,Quidway S7706,Quidway S7706,,网络,21021133056TGB900050,,,,,,,,
大数据部,灾备中心6F,,6FL2,深圳市信息网络中心,6FL2,S5700-52P-LI-AC,S5700-52P-LI-AC,,服务器,21023531748YG9004968,,,,,,,,
大数据部,灾备中心6F,,6FL2,深圳市信息网络中心,6FL2,S5700-52P-LI-AC,S5700-52P-LI-AC,,服务器,21023531748YG9004966,,,,,,,,
大数据部,灾备中心6F,,6FL2,深圳市信息网络中心,6FL2,无,无,,服务器,无,,,,,,,,
大数据部,灾备中心6F,,6FL2,深圳市信息网络中心,6FL2,无,无,,服务器,无,,,,,,,,
大数据部,灾备中心6F,,6FL2,深圳市信息网络中心,6FL2,DAS-NGFW5000-NG,DAS-NGFW5000-NG,,服务器,2406930162008243,,,,,,,,
大数据部,灾备中心6F,,6FL2,深圳市信息网络中心,6FL2,DAS-NGFW5000-NG,DAS-NGFW5000-NG,,服务器,2406930162008748,,,,,,,,
大数据部,灾备中心6F,,6FL2,深圳市信息网络中心,6FL2,DAS-NGFW5000-NG,DAS-NGFW5000-NG,,服务器,2406930162002545,,,,,,,,
大数据部,灾备中心6F,,6FL2,深圳市信息网络中心,6FL2,DAS-NGFW5000-NG,DAS-NGFW5000-NG,,服务器,2406930162005745,,,,,,,,
大数据部,灾备中心6F,,6FL2,深圳市信息网络中心,6FL2,请求服务器,请求服务器,,服务器,无,,,,,,,,
大数据部,灾备中心6F,,6FL2,深圳市信息网络中心,6FL2,iGap-5000,iGap-5000,,网络,QDHT25SS080C-170403,,,,,,,,
大数据部,灾备中心6F,,6FL2,深圳市信息网络中心,6FL2,iGap-5000,iGap-5000,,网络,QDHT25SS080C-170404,,,,,,,,
大数据部,灾备中心6F,,6FL2,深圳市信息网络中心,6FL2,请求服务器,请求服务器,,服务器,无,,,,,,,,
大数据部,灾备中心6F,,6FL2,深圳市信息网络中心,6FL2,iGap-5000,iGap-5000,,网络,QDHT25SS080C-170401,,,,,,,,
大数据部,灾备中心6F,,6FL2,深圳市信息网络中心,6FL2,iGap-5000,iGap-5000,,网络,QDHT25SS080C-170402,,,,,,,,
大数据部,灾备中心6F,,6FL1,深圳市信息网络中心,6FL1,S5700-52P-LI-AC,S5700-52P-LI-AC,,服务器,21023531748YG9004964,,,,,,,,
大数据部,灾备中心6F,,6FL1,深圳市信息网络中心,6FL1,S5700-52P-LI-AC,S5700-52P-LI-AC,,服务器,21023531748YG9004958,,,,,,,,
大数据部,灾备中心6F,,6FL1,深圳市信息网络中心,6FL1,无,无,,服务器,DTIPC17005043,,,,,,,,
大数据部,灾备中心6F,,6FL1,深圳市信息网络中心,6FL1,无,无,,服务器,DTIPC17005042,,,,,,,,
大数据部,灾备中心6F,,6FL1,深圳市信息网络中心,6FL1,S5700-52P-LI-AC,S5700-52P-LI-AC,,服务器,21023531748YG9004956,,,,,,,,
大数据部,灾备中心6F,,6FL1,深圳市信息网络中心,6FL1,S5700-52P-LI-AC,S5700-52P-LI-AC,,服务器,21023531748YG9004960,,,,,,,,
大数据部,灾备中心6F,,6FL1,深圳市信息网络中心,6FL1,APM-5200,APM-5200,,服务器,5082001900,,,,,,,,
大数据部,灾备中心6F,,6FL1,深圳市信息网络中心,6FL1,VPN-4050,VPN-4050,,服务器,5071007068,,,,,,,,
大数据部,灾备中心6F,,6FL1,深圳市信息网络中心,6FL1,DAS-NGFW5000-NG,DAS-NGFW5000-NG,,服务器,2406930162008445,,,,,,,,
大数据部,灾备中心6F,,6FL1,深圳市信息网络中心,6FL1,DAS-NGFW5000-NG,DAS-NGFW5000-NG,,服务器,2406930162008344,,,,,,,,
大数据部,灾备中心6F,,6FL1,深圳市信息网络中心,6FL1,DAS-NGFW5000-NG,DAS-NGFW5000-NG,,服务器,2406930162008142,,,,,,,,
大数据部,灾备中心6F,,6FL1,深圳市信息网络中心,6FL1,DAS-NGFW5000-NG,DAS-NGFW5000-NG,,服务器,2406930162007141,,,,,,,,
大数据部,灾备中心6F,,6FL1,深圳市信息网络中心,6FL1,DAS-NGFW5000-NG,DAS-NGFW5000-NG,,服务器,2406930162009951,,,,,,,,
大数据部,灾备中心6F,,6FL1,深圳市信息网络中心,6FL1,DAS-NGFW5000-NG,DAS-NGFW5000-NG,,服务器,2406930162007747,,,,,,,,
